[
    {
      "id": "1",
      "name": "Tropical Paradise Resort",
      "image": "https://images.unsplash.com/photo-1540541338287-41700207dee6?q=80&w=3540&auto=format&fit=crop&ixlib=rb-4.0.3&ixid=M3wxMjA3fDB8MHxwaG90by1wYWdlfHx8fGVufDB8fHx8fA%3D%3D",
      "description": "Escape to the ultimate tropical paradise retreat with pristine beaches, lush greenery, and luxurious accommodations.",
      "rating": 4.8,
      "price": "150",
      "duration": "3",
      "location": "Pacific Ocean",
      "category": "Beaches"
    },
    {
      "id": "2",
      "name": "Alpine Chalet Retreat",
      "image": "https://images.unsplash.com/photo-1512273222628-4daea6e55abb?q=80&w=3540&auto=format&fit=crop&ixlib=rb-4.0.3&ixid=M3wxMjA3fDB8MHxwaG90by1wYWdlfHx8fGVufDB8fHx8fA%3D%3D",
      "description": "Experience the breathtaking beauty of the Alps from your cozy chalet, surrounded by snow-capped peaks and charming villages.",
      "rating": 4.5,
      "price": "120",
      "duration": "4",
      "location": "Switzerland",
      "category": "Mountains"
    },
    {
      "id": "3",
      "name": "Urban Explorer's Dream",
      "image": "https://images.unsplash.com/photo-1546436836-07a91091f160?q=80&w=3548&auto=format&fit=crop&ixlib=rb-4.0.3&ixid=M3wxMjA3fDB8MHxwaG90by1wYWdlfHx8fGVufDB8fHx8fA%3D%3D",
      "description": "Immerse yourself in the vibrant energy of the city with bustling streets, iconic landmarks, and endless cultural experiences.",
      "rating": 4.7,
      "price": "140",
      "duration": "2",
      "location": "USA",
      "category": "Cities"
    },
    {
      "id": "4",
      "name": "Enchanted Forest Retreat",
      "image": "https://plus.unsplash.com/premium_photo-1668917805105-2d5d9e49af87?q=80&w=3540&auto=format&fit=crop&ixlib=rb-4.0.3&ixid=M3wxMjA3fDB8MHxwaG90by1wYWdlfHx8fGVufDB8fHx8fA%3D%3D",
      "description": "Find serenity in the heart of nature with towering trees, hidden waterfalls, and enchanting wildlife in this magical forest retreat.",
      "rating": 4.6,
      "price": "180",
      "duration": "5",
      "location": "USA",
      "category": "Forests"
    },
    {
      "id": "5",
      "name": "Tranquil Lakeside Haven",
      "image": "https://images.unsplash.com/photo-1535927583620-7940e95a5a05?crop=entropy&cs=tinysrgb&fit=crop&fm=jpg&h=900&ixid=MnwxfDB8MXxyYW5kb218MHx8bGFrZSx0cmFucXVpbHx8fHx8fDE3MTEwMzI1MjA&ixlib=rb-4.0.3&q=80&utm_campaign=api-credit&utm_medium=referral&utm_source=unsplash_source&w=1600",
      "description": "Relax and rejuvenate by the tranquil lakeside, surrounded by stunning scenery and peaceful serenity.",
      "rating": 4.9,
      "price": "120",
      "duration": "3",
      "location": "England",
      "category": "Lakes"
    },
    {
      "id": "6",
      "name": "Sandy Shores Beach Resort",
      "image": "https://images.unsplash.com/photo-1506929562872-bb421503ef21?crop=entropy&cs=tinysrgb&fit=crop&fm=jpg&h=900&ixid=MnwxfDB8MXxyYW5kb218MHx8YmVhY2gsc2FuZHl8fHx8fHwxNzExMDMyNTg5&ixlib=rb-4.0.3&q=80&utm_campaign=api-credit&utm_medium=referral&utm_source=unsplash_source&w=1600",
      "description": "Indulge in the ultimate beachfront luxury with pristine sands, crystal-clear waters, and world-class amenities.",
      "rating": 4.8,
      "price": "140",
      "duration": "2",
      "location": "Maldives",
      "category": "Beaches"
    },
    {
      "id": "7",
      "name": "Majestic Mountain Lodge",
      "image": "https://images.unsplash.com/photo-1543768179-656dbc9d9be9?crop=entropy&cs=tinysrgb&fit=crop&fm=jpg&h=900&ixid=MnwxfDB8MXxyYW5kb218MHx8bW91bnRhaW4sbWFqZXN0aWN8fHx8fHwxNzExMDMyNjUw&ixlib=rb-4.0.3&q=80&utm_campaign=api-credit&utm_medium=referral&utm_source=unsplash_source&w=1600",
      "description": "Unwind in the lap of luxury amidst majestic mountain peaks, alpine meadows, and breathtaking vistas.",
      "rating": 4.7,
      "price": "100",
      "duration": "7",
      "location": "Canada",
      "category": "Mountains"
    },
    {
      "id": "8",
      "name": "Metropolitan Marvels",
      "image": "https://images.unsplash.com/photo-1697543117287-53b5ab69742b?crop=entropy&cs=tinysrgb&fit=crop&fm=jpg&h=900&ixid=MnwxfDB8MXxyYW5kb218MHx8Y2l0eSxtZXRyb3BvbGl0YW58fHx8fHwxNzExMDMyNzM1&ixlib=rb-4.0.3&q=80&utm_campaign=api-credit&utm_medium=referral&utm_source=unsplash_source&w=1600",
      "description": "Discover the cultural richness and architectural wonders of bustling metropolises around the globe.",
      "rating": 4.6,
      "price": "170",
      "duration": "3",
      "location": "Japan",
      "category": "Cities"
    },
    {
      "id": "9",
      "name": "Mystical Forest Sanctuary",
      "image": "https://images.unsplash.com/photo-1496564692837-ec757c470e07?crop=entropy&cs=tinysrgb&fit=crop&fm=jpg&h=900&ixid=MnwxfDB8MXxyYW5kb218MHx8Zm9yZXN0LG15c3RpY2FsfHx8fHx8MTcxMTAzMjgyNA&ixlib=rb-4.0.3&q=80&utm_campaign=api-credit&utm_medium=referral&utm_source=unsplash_source&w=1600",
      "description": "Embark on a journey through ancient forests, mystical ruins, and hidden wonders in this enchanted sanctuary.",
      "rating": 4.9,
      "price": "80",
      "duration": "2",
      "location": "Brazil",
      "category": "Forests"
    },
    {
      "id": "10",
      "name": "Serene Lake Retreat",
      "image": "https://images.unsplash.com/photo-1541420937988-702d78cb9fa1?crop=entropy&cs=tinysrgb&fit=crop&fm=jpg&h=900&ixid=MnwxfDB8MXxyYW5kb218MHx8bGFrZSxzZXJlbmV8fHx8fHwxNzExMDMyODcx&ixlib=rb-4.0.3&q=80&utm_campaign=api-credit&utm_medium=referral&utm_source=unsplash_source&w=1600",
      "description": "Escape the hustle and bustle of city life and immerse yourself in the serene beauty of lakeside living.",
      "rating": 4.5,
      "price": "120",
      "duration": "3",
      "location": "USA",
      "category": "Lakes"
    },
    {
      "id": "11",
      "name": "Golden Sands Beach Resort",
      "image": "https://images.unsplash.com/photo-1535792679781-7a212687bc8f?crop=entropy&cs=tinysrgb&fit=crop&fm=jpg&h=900&ixid=MnwxfDB8MXxyYW5kb218MHx8YmVhY2gsZ29sZGVufHx8fHx8MTcxMTAzMjkzOQ&ixlib=rb-4.0.3&q=80&utm_campaign=api-credit&utm_medium=referral&utm_source=unsplash_source&w=1600",
      "description": "Experience paradise on earth with golden sands, azure waters, and luxurious beachfront accommodations.",
      "rating": 4.8,
      "price": "150",
      "duration": "3",
      "location": "Fiji",
      "category": "Beaches"
    },
    {
      "id": "12",
      "name": "Alpine Adventure Lodge",
      "image": "https://images.unsplash.com/photo-1521929135277-1891dc05ef4d?crop=entropy&cs=tinysrgb&fit=crop&fm=jpg&h=900&ixid=MnwxfDB8MXxyYW5kb218MHx8bW91bnRhaW4sYWxwaW5lfHx8fHx8MTcxMTAzMjk4OQ&ixlib=rb-4.0.3&q=80&utm_campaign=api-credit&utm_medium=referral&utm_source=unsplash_source&w=1600",
      "description": "Embark on an unforgettable alpine adventure with thrilling outdoor activities and cozy lodge accommodations.",
      "rating": 4.6,
      "price": "120",
      "duration": "3",
      "location": "Italy",
      "category": "Mountains"
    },
    {
      "id": "13",
      "name": "Cultural Capitals",
      "image": "https://images.unsplash.com/photo-1689723744935-60e01c337543?crop=entropy&cs=tinysrgb&fit=crop&fm=jpg&h=900&ixid=MnwxfDB8MXxyYW5kb218MHx8Y2l0eSxjdWx0dXJhbHx8fHx8fDE3MTEwMzMwODY&ixlib=rb-4.0.3&q=80&utm_campaign=api-credit&utm_medium=referral&utm_source=unsplash_source&w=1600",
      "description": "Explore the vibrant tapestry of culture, history, and art in the world's most captivating cultural capitals.",
      "rating": 4.7,
      "price": "130",
      "duration": "5",
      "location": "France",
      "category": "Cities"
    },
    {
      "id": "14",
      "name": "Enchanted Grove",
      "image": "https://images.unsplash.com/photo-1541897174996-d68b4a8055c9?crop=entropy&cs=tinysrgb&fit=crop&fm=jpg&h=900&ixid=MnwxfDB8MXxyYW5kb218MHx8Zm9yZXN0LGdyb3ZlfHx8fHx8MTcxMTAzMzEyMQ&ixlib=rb-4.0.3&q=80&utm_campaign=api-credit&utm_medium=referral&utm_source=unsplash_source&w=1600",
      "description": "Step into a realm of enchantment and wonder in this mystical grove filled with ancient trees and magical creatures.",
      "rating": 4.9,
      "price": "150",
      "duration": "3",
      "location": "Germany",
      "category": "Forests"
    },
    {
      "id": "15",
      "name": "Tranquil Mountain Hideaway",
      "image": "https://images.unsplash.com/photo-1584812261582-efe582e4c124?crop=entropy&cs=tinysrgb&fit=crop&fm=jpg&h=900&ixid=MnwxfDB8MXxyYW5kb218MHx8bW91bnRhaW4sdHJhbnF1aWx8fHx8fHwxNzExMDMzMTky&ixlib=rb-4.0.3&q=80&utm_campaign=api-credit&utm_medium=referral&utm_source=unsplash_source&w=1600",
      "description": "Find solace and tranquility amidst towering peaks and pristine wilderness in this secluded mountain hideaway.",
      "rating": 4.8,
      "price": "80",
      "duration": "5",
      "location": "Canada",
      "category": "Mountains"
    },
    {
      "id": "16",
      "name": "Seaside Sanctuary",
      "image": "https://images.unsplash.com/photo-1477959858617-67f85cf4f1df",
      "description": "Escape to a serene seaside sanctuary with breathtaking ocean views, pristine beaches, and luxurious accommodations.",
      "rating": 4.7,
      "price": "100",
      "duration": "3",
      "location": "Italy",
      "category": "Beaches"
    },
    {
      "id": "17",
      "name": "Alpine Lakeside Lodge",
      "image": "https://images.unsplash.com/photo-1508899005055-fb1677e7b887?q=80&w=3540&auto=format&fit=crop&ixlib=rb-4.0.3&ixid=M3wxMjA3fDB8MHxwaG90by1wYWdlfHx8fGVufDB8fHx8fA%3D%3D",
      "description": "Unwind by the tranquil shores of an alpine lake, surrounded by majestic peaks and pristine nature.",
      "rating": 4.6,
      "price": "100",
      "duration": "3",
      "location": "Canada",
      "category": "Lakes"
    },
    {
      "id": "18",
      "name": "Urban Oasis",
      "image": "https://images.unsplash.com/photo-1525625293386-3f8f99389edd?q=80&w=3452&auto=format&fit=crop&ixlib=rb-4.0.3&ixid=M3wxMjA3fDB8MHxwaG90by1wYWdlfHx8fGVufDB8fHx8fA%3D%3D",
      "description": "Discover a peaceful oasis amidst the bustling cityscape, where lush gardens and tranquil ponds provide respite.",
      "rating": 4.8,
      "price": "90",
      "duration": "3",
      "location": "Singapore",
      "category": "Cities"
    },
    {
      "id": "19",
      "name": "Whispering Woods Retreat",
      "image": "https://images.unsplash.com/photo-1574288339398-531d55fd84f3?q=80&w=3540&auto=format&fit=crop&ixlib=rb-4.0.3&ixid=M3wxMjA3fDB8MHxwaG90by1wYWdlfHx8fGVufDB8fHx8fA%3D%3D",
      "description": "Find solace in the tranquil embrace of whispering woods, where ancient trees and hidden streams beckon the soul.",
      "rating": 4.9,
      "price": "140",
      "duration": "3",
      "location": "USA",
      "category": "Forests"
    },
    {
      "id": "20",
      "name": "Sapphire Shores Beach Resort",
      "image": "https://plus.unsplash.com/premium_photo-1681223447383-402912b83029?q=80&w=3474&auto=format&fit=crop&ixlib=rb-4.0.3&ixid=M3wxMjA3fDB8MHxwaG90by1wYWdlfHx8fGVufDB8fHx8fA%3D%3D",
      "description": "Experience the epitome of luxury beachfront living with sapphire waters, pristine sands, and world-class amenities.",
      "rating": 4.7,
      "price": "150",
      "duration": "3",
      "location": "Bahamas",
      "category": "Beaches"
    }
  ]