[
    {
      "id": "1",
      "name": "Holiday Travel Agency",
      "image": "https://images.unsplash.com/photo-1516496636080-14fb876e029d?q=80&w=3388&auto=format&fit=crop&ixlib=rb-4.0.3&ixid=M3wxMjA3fDB8MHxwaG90by1wYWdlfHx8fGVufDB8fHx8fA%3D%3D",
      "rating": 4.7,
      "reviews": 1450
    },
    {
      "id": "2",
      "name": "Happy Tour Planners",
      "image": "https://images.unsplash.com/photo-1618591362251-1c9f70b59192?q=80&w=3177&auto=format&fit=crop&ixlib=rb-4.0.3&ixid=M3wxMjA3fDB8MHxwaG90by1wYWdlfHx8fGVufDB8fHx8fA%3D%3D",
      "rating": 4.8,
      "reviews": 650
    },
    {
      "id": "3",
      "name": "Royal Tour & Travels",
      "image": "https://images.unsplash.com/photo-1600468636011-c75ae69b7fcb?q=80&w=2625&auto=format&fit=crop&ixlib=rb-4.0.3&ixid=M3wxMjA3fDB8MHxwaG90by1wYWdlfHx8fGVufDB8fHx8fA%3D%3D",
      "rating": 4.9,
      "reviews": 550
    }
  ]